DNS,IP
alerts.bellevuecollege.edu,1
alerts.bellevuecollege.edu,6
alerts.bellevuecollege.edu,8
alerts.bellevuecollege.edu,.
alerts.bellevuecollege.edu,1
alerts.bellevuecollege.edu,5
alerts.bellevuecollege.edu,6
alerts.bellevuecollege.edu,.
alerts.bellevuecollege.edu,4
alerts.bellevuecollege.edu,0
alerts.bellevuecollege.edu,.
alerts.bellevuecollege.edu,1
alerts.bellevuecollege.edu,1
alerts.bellevuecollege.edu,2
news.bellevuecollege.edu,1
news.bellevuecollege.edu,3
news.bellevuecollege.edu,4
news.bellevuecollege.edu,.
news.bellevuecollege.edu,3
news.bellevuecollege.edu,9
news.bellevuecollege.edu,.
news.bellevuecollege.edu,8
news.bellevuecollege.edu,1
news.bellevuecollege.edu,.
news.bellevuecollege.edu,3
news.bellevuecollege.edu,1
vpn.bellevuecollege.edu,1
vpn.bellevuecollege.edu,9
vpn.bellevuecollege.edu,2
vpn.bellevuecollege.edu,.
vpn.bellevuecollege.edu,6
vpn.bellevuecollege.edu,4
vpn.bellevuecollege.edu,.
vpn.bellevuecollege.edu,1
vpn.bellevuecollege.edu,.
vpn.bellevuecollege.edu,2
vpn.bellevuecollege.edu,5
vpn.bellevuecollege.edu,0
webftp.bellevuecollege.edu,1
webftp.bellevuecollege.edu,3
webftp.bellevuecollege.edu,4
webftp.bellevuecollege.edu,.
webftp.bellevuecollege.edu,3
webftp.bellevuecollege.edu,9
webftp.bellevuecollege.edu,.
webftp.bellevuecollege.edu,8
webftp.bellevuecollege.edu,1
webftp.bellevuecollege.edu,.
webftp.bellevuecollege.edu,5
webftp.bellevuecollege.edu,7
owa.bellevuecollege.edu,1
owa.bellevuecollege.edu,3
owa.bellevuecollege.edu,4
owa.bellevuecollege.edu,.
owa.bellevuecollege.edu,3
owa.bellevuecollege.edu,9
owa.bellevuecollege.edu,.
owa.bellevuecollege.edu,8
owa.bellevuecollege.edu,1
owa.bellevuecollege.edu,.
owa.bellevuecollege.edu,2
owa.bellevuecollege.edu,4
owa.bellevuecollege.edu,7
mail.bellevuecollege.edu,1
mail.bellevuecollege.edu,6
mail.bellevuecollege.edu,8
mail.bellevuecollege.edu,.
mail.bellevuecollege.edu,1
mail.bellevuecollege.edu,5
mail.bellevuecollege.edu,6
mail.bellevuecollege.edu,.
mail.bellevuecollege.edu,3
mail.bellevuecollege.edu,5
mail.bellevuecollege.edu,.
mail.bellevuecollege.edu,7
mail.bellevuecollege.edu,2
www.bellevuecollege.edu,1
www.bellevuecollege.edu,6
www.bellevuecollege.edu,2
www.bellevuecollege.edu,.
www.bellevuecollege.edu,1
www.bellevuecollege.edu,5
www.bellevuecollege.edu,9
www.bellevuecollege.edu,.
www.bellevuecollege.edu,1
www.bellevuecollege.edu,3
www.bellevuecollege.edu,5
www.bellevuecollege.edu,.
www.bellevuecollege.edu,4
www.bellevuecollege.edu,2
www2.bellevuecollege.edu,1
www2.bellevuecollege.edu,3
www2.bellevuecollege.edu,4
www2.bellevuecollege.edu,.
www2.bellevuecollege.edu,3
www2.bellevuecollege.edu,9
www2.bellevuecollege.edu,.
www2.bellevuecollege.edu,8
www2.bellevuecollege.edu,1
www2.bellevuecollege.edu,.
www2.bellevuecollege.edu,2
www2.bellevuecollege.edu,5
dev.bellevuecollege.edu,1
dev.bellevuecollege.edu,3
dev.bellevuecollege.edu,4
dev.bellevuecollege.edu,.
dev.bellevuecollege.edu,3
dev.bellevuecollege.edu,9
dev.bellevuecollege.edu,.
dev.bellevuecollege.edu,8
dev.bellevuecollege.edu,1
dev.bellevuecollege.edu,.
dev.bellevuecollege.edu,2
dev.bellevuecollege.edu,0
dev.bellevuecollege.edu,6
